{"$schema":"http://schema.management.azure.com/schemas/2015-01-01/deploymentTemplate.json#","contentVersion":"1.0.0.0","parameters":{"factoryName":{"type":"string","metadata":"Data Factory name"},"Blob_Config":{"type":"string"},"DL_TI":{"type":"string"},"Blob_Stage":{"type":"string"},"Salesforce":{"type":"string"},"SF_RAW":{"type":"string"},"SQL_CHIP":{"type":"string"},"SF_AUDIT":{"type":"string"}},"variables":{"factoryId":"[concat('Microsoft.DataFactory/factories/', parameters('factoryName'))]"},"resources":[{"name":"[concat(parameters('factoryName'), '/SFDC_Scheduler')]","type":"Microsoft.DataFactory/factories/pipelines","apiVersion":"2018-06-01","properties":{"activities":[{"name":"Lookup_SFDC_tables","type":"Lookup","dependsOn":[],"policy":{"timeout":"7.00:00:00","retry":0,"retryIntervalInSeconds":30,"secureOutput":false,"secureInput":false},"userProperties":[],"typeProperties":{"source":{"type":"DelimitedTextSource","storeSettings":{"type":"AzureBlobStorageReadSettings","recursive":true,"enablePartitionDiscovery":false},"formatSettings":{"type":"DelimitedTextReadSettings"}},"dataset":{"referenceName":"Blob_Text_Dataset","type":"DatasetReference","parameters":{"FileSystem":{"value":"@pipeline().parameters.FileSystem_controlfile","type":"Expression"},"FilePath":{"value":"@pipeline().parameters.Source","type":"Expression"},"FileName":{"value":"@pipeline().parameters.SchedulerFileName","type":"Expression"}}},"firstRowOnly":false}},{"name":"Filter_tables","type":"Filter","dependsOn":[{"activity":"Lookup_SFDC_tables","dependencyConditions":["Succeeded"]}],"userProperties":[],"typeProperties":{"items":{"value":"@activity('Lookup_SFDC_tables').output.value","type":"Expression"},"condition":{"value":"@if(not(equals(pipeline().parameters.TableName,'All')),equals(item().OBJECT_API_NAME,pipeline().parameters.TableName),true)","type":"Expression"}}},{"name":"ForEachTable","type":"ForEach","dependsOn":[{"activity":"Filter_tables","dependencyConditions":["Succeeded"]}],"userProperties":[],"typeProperties":{"items":{"value":"@activity('Filter_tables').output.value","type":"Expression"},"isSequential":false,"batchCount":12,"activities":[{"name":"Get_Table_Config","type":"Lookup","dependsOn":[],"policy":{"timeout":"7.00:00:00","retry":0,"retryIntervalInSeconds":30,"secureOutput":false,"secureInput":false},"userProperties":[],"typeProperties":{"source":{"type":"JsonSource","storeSettings":{"type":"AzureBlobStorageReadSettings","recursive":true,"enablePartitionDiscovery":false},"formatSettings":{"type":"JsonReadSettings"}},"dataset":{"referenceName":"Blob_Json_Dataset","type":"DatasetReference","parameters":{"FileSystem":{"value":"@pipeline().parameters.FileSystem_controlfile","type":"Expression"},"FilePath":{"value":"@concat(pipeline().parameters.Source,'/TableConfig')","type":"Expression"},"FileName":{"value":"@concat(item().OBJECT_API_NAME,'.json')","type":"Expression"}}},"firstRowOnly":true}},{"name":"Execute_OnJobFailure_Pipeline","type":"ExecutePipeline","dependsOn":[{"activity":"Get_Table_Config","dependencyConditions":["Failed"]}],"policy":{"secureInput":false},"userProperties":[],"typeProperties":{"pipeline":{"referenceName":"On_Job_Failure","type":"PipelineReference"},"waitOnCompletion":true,"parameters":{"PipelineRunID":{"value":"@pipeline().RunId","type":"Expression"},"ErrorMessage":{"value":"Error in fetching Salesforce table '@{item().OBJECT_API_NAME}' config file. Please check the logs.","type":"Expression"}}}},{"name":"Execute ORCHESTRATION","type":"ExecutePipeline","dependsOn":[{"activity":"Get_Table_Config","dependencyConditions":["Succeeded"]}],"policy":{"secureInput":false},"userProperties":[],"typeProperties":{"pipeline":{"referenceName":"Orchestration_SFDC","type":"PipelineReference"},"waitOnCompletion":true,"parameters":{"Object_api_name":{"value":"@item().OBJECT_API_NAME","type":"Expression"},"FileSystem_ingest":{"value":"@activity('Get_Table_Config').output.firstRow.FileSystem_ingest","type":"Expression"},"Target_Schema_name":{"value":"@activity('Get_Table_Config').output.firstRow.Target_Schema_Name","type":"Expression"},"Target_Table_name":{"value":"@activity('Get_Table_Config').output.firstRow.Target_Table_Name","type":"Expression"},"FileSystem_staging":{"value":"@activity('Get_Table_Config').output.firstRow.FileSystem_staging","type":"Expression"},"FilePath":{"value":"@activity('Get_Table_Config').output.firstRow.FilePath","type":"Expression"},"Source_columns":{"value":"@activity('Get_Table_Config').output.firstRow.Columns","type":"Expression"},"FileSystem_controlfile":{"value":"@pipeline().parameters.FileSystem_controlfile","type":"Expression"},"mapping":{"value":"@activity('Get_Table_Config').output.firstRow.Snowflake_mapping","type":"Expression"},"FileSystem_logfile":{"value":"@activity('Get_Table_Config').output.firstRow.FileSystem_logfile","type":"Expression"},"FileSystem_Reject":{"value":"@activity('Get_Table_Config').output.firstRow.FileSystem_reject","type":"Expression"},"Condition":{"value":"@activity('Get_Table_Config').output.firstRow.Condition","type":"Expression"},"Condition_SF":{"value":"@activity('Get_Table_Config').output.firstRow.Condition_SF","type":"Expression"}}}}]}},{"name":"Execute_failure_alert_Pipeline","type":"ExecutePipeline","dependsOn":[{"activity":"Filter_tables","dependencyConditions":["Failed"]}],"policy":{"secureInput":false},"userProperties":[],"typeProperties":{"pipeline":{"referenceName":"On_Job_Failure","type":"PipelineReference"},"waitOnCompletion":true,"parameters":{"PipelineRunID":{"value":"@pipeline().RunId","type":"Expression"},"ErrorMessage":{"value":"Error in filter table activity. Please check the logs.","type":"Expression"}}}}],"policy":{"elapsedTimeMetric":{}},"parameters":{"SchedulerFileName":{"type":"string","defaultValue":"SchedulerTables.csv"},"TableName":{"type":"string","defaultValue":"All"},"FileSystem_controlfile":{"type":"string","defaultValue":"control-files"},"Source":{"type":"string","defaultValue":"SFDC_DEV"}},"folder":{"name":"SFDC_INCREMENTAL_LOAD"},"annotations":[],"lastPublishTime":"2024-01-29T10:51:27Z"},"dependsOn":["[concat(variables('factoryId'), '/datasets/Blob_Text_Dataset')]","[concat(variables('factoryId'), '/pipelines/On_Job_Failure')]","[concat(variables('factoryId'), '/datasets/Blob_Json_Dataset')]","[concat(variables('factoryId'), '/pipelines/Orchestration_SFDC')]"]},{"name":"[concat(parameters('factoryName'), '/Blob_Text_Dataset')]","type":"Microsoft.DataFactory/factories/datasets","apiVersion":"2018-06-01","properties":{"linkedServiceName":{"referenceName":"[parameters('Blob_Config')]","type":"LinkedServiceReference"},"parameters":{"FileSystem":{"type":"string"},"FilePath":{"type":"string"},"FileName":{"type":"string"}},"annotations":[],"type":"DelimitedText","typeProperties":{"location":{"type":"AzureBlobStorageLocation","fileName":{"value":"@dataset().FileName","type":"Expression"},"folderPath":{"value":"@dataset().FilePath","type":"Expression"},"container":{"value":"@dataset().FileSystem","type":"Expression"}},"columnDelimiter":",","escapeChar":"\\","firstRowAsHeader":true,"quoteChar":"\""},"schema":[]},"dependsOn":[]},{"name":"[concat(parameters('factoryName'), '/On_Job_Failure')]","type":"Microsoft.DataFactory/factories/pipelines","apiVersion":"2018-06-01","properties":{"description":"Sends email when pipeline fails","activities":[{"name":"LookupEmailList","type":"Lookup","dependsOn":[],"policy":{"timeout":"7.00:00:00","retry":0,"retryIntervalInSeconds":30,"secureOutput":false,"secureInput":false},"userProperties":[],"typeProperties":{"source":{"type":"DelimitedTextSource","storeSettings":{"type":"AzureBlobStorageReadSettings","recursive":true,"enablePartitionDiscovery":false},"formatSettings":{"type":"DelimitedTextReadSettings"}},"dataset":{"referenceName":"Blob_EmailList_Dataset","type":"DatasetReference","parameters":{}}}},{"name":"TriggerLogicApp","type":"WebActivity","dependsOn":[{"activity":"LookupEmailList","dependencyConditions":["Succeeded"]}],"policy":{"timeout":"7.00:00:00","retry":0,"retryIntervalInSeconds":30,"secureOutput":false,"secureInput":false},"userProperties":[],"typeProperties":{"method":"POST","headers":{"Content-Type":"application/json"},"url":"https://prod-10.southcentralus.logic.azure.com:443/workflows/57c2caef7c274e6fa36af938885e2b70/triggers/manual/paths/invoke?api-version=2016-10-01&sp=%2Ftriggers%2Fmanual%2Frun&sv=1.0&sig=DqJnkHbEkkNoi6y_EQnFnIM8iV4gEiq5fRa8IRUuets","body":{"value":"{\n                        \"ReceiverEMailList\":\"@{activity('LookupEmailList').output.firstRow.Prop_0}\",\n\t\t\t\"DataFactoryName\":\"@{pipeline().DataFactory}\",\n\t\t\t\"PipelineRunID\":\"@{pipeline().parameters.PipelineRunID}\",\n\t\t\t\"TriggerName\":\"@{pipeline().TriggerName}\",\n\t\t\t\"TriggerRunID\":\"@{pipeline().TriggerId}\",\n\t\t\t\"ResourceGroupName\":\"celanytics_tandi_dev_rg\",\n                        \"ErrorMessage\":\"@{pipeline().parameters.ErrorMessage}\"\n\t\t\t}","type":"Expression"}}}],"policy":{"elapsedTimeMetric":{}},"parameters":{"PipelineRunID":{"type":"string"},"ErrorMessage":{"type":"string"}},"variables":{"pipelineRunID":{"type":"String"},"errorMessage":{"type":"String"}},"folder":{"name":"SFDC_INCREMENTAL_LOAD"},"annotations":[],"lastPublishTime":"2024-01-25T14:35:47Z"},"dependsOn":["[concat(variables('factoryId'), '/datasets/Blob_EmailList_Dataset')]"]},{"name":"[concat(parameters('factoryName'), '/Blob_Json_Dataset')]","type":"Microsoft.DataFactory/factories/datasets","apiVersion":"2018-06-01","properties":{"linkedServiceName":{"referenceName":"[parameters('Blob_Config')]","type":"LinkedServiceReference"},"parameters":{"FileSystem":{"type":"string"},"FilePath":{"type":"string"},"FileName":{"type":"string"}},"annotations":[],"type":"Json","typeProperties":{"location":{"type":"AzureBlobStorageLocation","fileName":{"value":"@dataset().FileName","type":"Expression"},"folderPath":{"value":"@dataset().FilePath","type":"Expression"},"container":{"value":"@dataset().FileSystem","type":"Expression"}}},"schema":{}},"dependsOn":[]},{"name":"[concat(parameters('factoryName'), '/Orchestration_SFDC')]","type":"Microsoft.DataFactory/factories/pipelines","apiVersion":"2018-06-01","properties":{"activities":[{"name":"IfCondition_validate_rowcount","type":"IfCondition","dependsOn":[{"activity":"Lookup_logfile_row_validation","dependencyConditions":["Succeeded"]}],"userProperties":[],"typeProperties":{"expression":{"value":"@equals(activity('Lookup_logfile_row_validation').output.firstRow.JOB_STATUS,'SUCCESS')","type":"Expression"},"ifFalseActivities":[{"name":"Delete_staging_data_file","type":"Delete","dependsOn":[{"activity":"Execute_Staging_Reject_Copy_Pipeline","dependencyConditions":["Succeeded"]}],"policy":{"timeout":"7.00:00:00","retry":0,"retryIntervalInSeconds":30,"secureOutput":false,"secureInput":false},"userProperties":[],"typeProperties":{"dataset":{"referenceName":"DL_DelimitedText_Dataset","type":"DatasetReference","parameters":{"FileSystem":{"value":"@pipeline().parameters.FileSystem_staging","type":"Expression"},"FilePath":{"value":"@pipeline().parameters.FilePath","type":"Expression"},"FileName":{"value":"@CONCAT(pipeline().parameters.Object_api_name,'.csv')","type":"Expression"}}},"logStorageSettings":{"linkedServiceName":{"referenceName":"[parameters('Blob_Config')]","type":"LinkedServiceReference"},"path":"copyactivity-logs"},"enableLogging":true,"storeSettings":{"type":"AzureBlobFSReadSettings","recursive":true,"enablePartitionDiscovery":false}}},{"name":"Execute_Staging_Reject_Copy_Pipeline","type":"ExecutePipeline","dependsOn":[],"policy":{"secureInput":false},"userProperties":[],"typeProperties":{"pipeline":{"referenceName":"Datalake_Datalake_Pipeline","type":"PipelineReference"},"waitOnCompletion":true,"parameters":{"FileSystem_source":{"value":"@pipeline().parameters.FileSystem_staging","type":"Expression"},"FilePath_source":{"value":"@pipeline().parameters.FilePath","type":"Expression"},"FileSystem_sink":{"value":"@pipeline().parameters.FileSystem_Reject","type":"Expression"},"Filename_source":{"value":"@concat(pipeline().parameters.Object_api_name,'.csv')","type":"Expression"},"Filename_sink":{"value":"@concat(pipeline().parameters.Object_api_name,'.csv')","type":"Expression"},"FilePath_sink":{"value":"@CONCAT(pipeline().parameters.FilePath,'/', formatDateTime(utcnow(), 'MM-dd-yyyy_HH'),'_',pipeline().parameters.Object_api_name)","type":"Expression"}}}},{"name":"Execute-Failure_alert_job_RowValidation","type":"ExecutePipeline","dependsOn":[{"activity":"Delete_staging_data_file","dependencyConditions":["Succeeded"]}],"policy":{"secureInput":false},"userProperties":[],"typeProperties":{"pipeline":{"referenceName":"On_Job_Failure","type":"PipelineReference"},"waitOnCompletion":true,"parameters":{"PipelineRunID":{"value":"@pipeline().RunId","type":"Expression"},"ErrorMessage":{"value":"Salesforce table '@{pipeline().parameters.Object_api_name}' row validation failed! Mis-match found between read and copied rows in Salesforce to staging copy activity! Please check the logs!","type":"Expression"}}}},{"name":"Execute_Stage_Reject_copy_failure_alert","type":"ExecutePipeline","dependsOn":[{"activity":"Execute_Staging_Reject_Copy_Pipeline","dependencyConditions":["Failed"]}],"policy":{"secureInput":false},"userProperties":[],"typeProperties":{"pipeline":{"referenceName":"On_Job_Failure","type":"PipelineReference"},"waitOnCompletion":true,"parameters":{"PipelineRunID":{"value":"@pipeline().RunId","type":"Expression"},"ErrorMessage":{"value":"Salesforce table '@{pipeline().parameters.Object_api_name}' staging to reject ADLS copy activity failed! Please check the logs.","type":"Expression"}}}}],"ifTrueActivities":[{"name":"Execute_Datalake_Datalake_Pipeline","type":"ExecutePipeline","dependsOn":[],"policy":{"secureInput":false},"userProperties":[],"typeProperties":{"pipeline":{"referenceName":"Datalake_Datalake_Pipeline","type":"PipelineReference"},"waitOnCompletion":true,"parameters":{"FileSystem_source":{"value":"@pipeline().parameters.FileSystem_staging","type":"Expression"},"FilePath_source":{"value":"@pipeline().parameters.FilePath","type":"Expression"},"FileSystem_sink":{"value":"@pipeline().parameters.FileSystem_ingest","type":"Expression"},"Filename_source":{"value":"@concat(pipeline().parameters.Object_api_name,'.csv')","type":"Expression"},"Filename_sink":{"value":"@concat(formatDateTime(utcnow(),'MM-dd-yyyy-HH'),'_',pipeline().parameters.Object_api_name,'.csv')","type":"Expression"},"FilePath_sink":{"value":"@CONCAT(pipeline().parameters.FilePath,'/',pipeline().parameters.Object_api_name)","type":"Expression"}}}},{"name":"Delete_Staging_file","type":"Delete","dependsOn":[{"activity":"Execute_Datalake_Snowflake","dependencyConditions":["Succeeded"]}],"policy":{"timeout":"7.00:00:00","retry":0,"retryIntervalInSeconds":30,"secureOutput":false,"secureInput":false},"userProperties":[],"typeProperties":{"dataset":{"referenceName":"DL_DelimitedText_Dataset","type":"DatasetReference","parameters":{"FileSystem":{"value":"@pipeline().parameters.FileSystem_staging","type":"Expression"},"FilePath":{"value":"@pipeline().parameters.FilePath","type":"Expression"},"FileName":{"value":"@concat(pipeline().parameters.Object_api_name,'.csv')","type":"Expression"}}},"logStorageSettings":{"linkedServiceName":{"referenceName":"[parameters('Blob_Config')]","type":"LinkedServiceReference"},"path":"copyactivity-logs"},"enableLogging":true,"storeSettings":{"type":"AzureBlobFSReadSettings","recursive":true,"enablePartitionDiscovery":false}}},{"name":"Execute_Datalake_Snowflake","type":"ExecutePipeline","dependsOn":[{"activity":"Execute_Datalake_Datalake_Pipeline","dependencyConditions":["Succeeded"]}],"policy":{"secureInput":false},"userProperties":[],"typeProperties":{"pipeline":{"referenceName":"SFDC_Datalake_Snowflake","type":"PipelineReference"},"waitOnCompletion":true,"parameters":{"FileSystem_source":{"value":"@pipeline().parameters.FileSystem_staging","type":"Expression"},"FilePath":{"value":"@pipeline().parameters.FilePath","type":"Expression"},"File_name":{"value":"@concat(pipeline().parameters.Object_api_name,'.csv')","type":"Expression"},"TableName":{"value":"@pipeline().parameters.Target_Table_name","type":"Expression"},"SchemaName":{"value":"@pipeline().parameters.Target_Schema_name","type":"Expression"},"Mapping":{"value":"@pipeline().parameters.mapping","type":"Expression"},"Writelog":"X","FileSystem_logfile":{"value":"@pipeline().parameters.FileSystem_logfile","type":"Expression"},"Condition_SF":{"value":"@{pipeline().parameters.Condition_SF}","type":"Expression"}}}},{"name":"Execute_Datalake_Datalake_copy_failure_alert","type":"ExecutePipeline","dependsOn":[{"activity":"Execute_Datalake_Datalake_Pipeline","dependencyConditions":["Failed"]}],"policy":{"secureInput":false},"userProperties":[],"typeProperties":{"pipeline":{"referenceName":"On_Job_Failure","type":"PipelineReference"},"waitOnCompletion":true,"parameters":{"PipelineRunID":{"value":"@pipeline().RunId","type":"Expression"},"ErrorMessage":{"value":"The copy activity between staging to ingest ADLS of Salesforce table '@{pipeline().parameters.Object_api_name}' failed! Please check the logs.","type":"Expression"}}}},{"name":"Execute_Datalake_SF_copy_failure_alert","type":"ExecutePipeline","dependsOn":[{"activity":"Execute_Datalake_Snowflake","dependencyConditions":["Failed"]}],"policy":{"secureInput":false},"userProperties":[],"typeProperties":{"pipeline":{"referenceName":"On_Job_Failure","type":"PipelineReference"},"waitOnCompletion":true,"parameters":{"PipelineRunID":{"value":"@pipeline().RunId","type":"Expression"},"ErrorMessage":{"value":"The copy activity to  Snowflake table RAW.@{pipeline().parameters.Target_Schema_name}.@{pipeline().parameters.Target_Table_name} failed! Please check the logs.","type":"Expression"}}}},{"name":"Lookup_SF_copy_row_validation_file","type":"Lookup","dependsOn":[{"activity":"Delete_Staging_file","dependencyConditions":["Succeeded"]}],"policy":{"timeout":"7.00:00:00","retry":0,"retryIntervalInSeconds":30,"secureOutput":false,"secureInput":false},"userProperties":[],"typeProperties":{"source":{"type":"DelimitedTextSource","storeSettings":{"type":"AzureBlobStorageReadSettings","recursive":true,"enablePartitionDiscovery":false},"formatSettings":{"type":"DelimitedTextReadSettings"}},"dataset":{"referenceName":"Blob_Text_Dataset","type":"DatasetReference","parameters":{"FileSystem":{"value":"@pipeline().parameters.FileSystem_logfile","type":"Expression"},"FilePath":{"value":"@pipeline().parameters.FilePath","type":"Expression"},"FileName":{"value":"@concat(toUpper(pipeline().parameters.Object_api_name),'_Row_Validation.csv')","type":"Expression"}}}}}]}},{"name":"Execute_SFDC_Datalake_SALESFORCE","type":"ExecutePipeline","dependsOn":[],"policy":{"secureInput":false},"userProperties":[],"typeProperties":{"pipeline":{"referenceName":"SFDC_Datalake_Salesforce","type":"PipelineReference"},"waitOnCompletion":true,"parameters":{"FileSystem_sink":{"value":"@pipeline().parameters.FileSystem_staging","type":"Expression"},"FilePath":{"value":"@pipeline().parameters.FilePath","type":"Expression"},"Object_api_name":{"value":"@pipeline().parameters.Object_api_name","type":"Expression"},"Columns":{"value":"@pipeline().parameters.Source_columns","type":"Expression"},"Writelog":"X","FileSystem_logfile":{"value":"@pipeline().parameters.FileSystem_logfile","type":"Expression"},"Condition":{"value":"@pipeline().parameters.Condition","type":"Expression"}}}},{"name":"Lookup_logfile_row_validation","type":"Lookup","dependsOn":[{"activity":"Execute_SFDC_Datalake_SALESFORCE","dependencyConditions":["Succeeded"]}],"policy":{"timeout":"7.00:00:00","retry":0,"retryIntervalInSeconds":30,"secureOutput":false,"secureInput":false},"userProperties":[],"typeProperties":{"source":{"type":"DelimitedTextSource","storeSettings":{"type":"AzureBlobStorageReadSettings","recursive":true,"enablePartitionDiscovery":false},"formatSettings":{"type":"DelimitedTextReadSettings"}},"dataset":{"referenceName":"Blob_Text_Dataset","type":"DatasetReference","parameters":{"FileSystem":{"value":"@pipeline().parameters.FileSystem_logfile","type":"Expression"},"FilePath":{"value":"@pipeline().parameters.FilePath","type":"Expression"},"FileName":{"value":"@concat(toUpper(pipeline().parameters.Object_api_name),'_Row_Validation.csv')","type":"Expression"}}}}},{"name":"Execute_SFDC_Datalake_copy_failure_alert","type":"ExecutePipeline","dependsOn":[{"activity":"Execute_SFDC_Datalake_SALESFORCE","dependencyConditions":["Failed"]}],"policy":{"secureInput":false},"userProperties":[],"typeProperties":{"pipeline":{"referenceName":"On_Job_Failure","type":"PipelineReference"},"waitOnCompletion":true,"parameters":{"PipelineRunID":{"value":"@pipeline().RunId","type":"Expression"},"ErrorMessage":{"value":"The copy activity between Salesforce table '@{pipeline().parameters.Object_api_name}' to ADLS staging failed! Please check the logs.","type":"Expression"}}}},{"name":"IfCondition_validate_SF_copy_rowcount","type":"IfCondition","dependsOn":[{"activity":"IfCondition_validate_rowcount","dependencyConditions":["Succeeded"]}],"userProperties":[],"typeProperties":{"expression":{"value":"@equals(activity('Lookup_SF_copy_row_validation_file').output.firstRow.JOB_STATUS,'FAILED')","type":"Expression"},"ifTrueActivities":[{"name":"Execute_Failure_alert_pipelin","description":"Execute OnJobFailure Pipeline for ADLS-SF row validation failure","type":"ExecutePipeline","dependsOn":[],"policy":{"secureInput":false},"userProperties":[],"typeProperties":{"pipeline":{"referenceName":"On_Job_Failure","type":"PipelineReference"},"waitOnCompletion":true,"parameters":{"PipelineRunID":{"value":"@pipeline().RunId","type":"Expression"},"ErrorMessage":{"value":"Salesforce table '@{pipeline().parameters.Object_api_name}' row validation failed! Mis-match found between read and copied rows in staging to Snowflake copy activity! Please check the logs!","type":"Expression"}}}}]}}],"policy":{"elapsedTimeMetric":{}},"parameters":{"Object_api_name":{"type":"string"},"FileSystem_ingest":{"type":"string"},"Target_Schema_name":{"type":"string"},"Target_Table_name":{"type":"string"},"FileSystem_staging":{"type":"string"},"FilePath":{"type":"string"},"Source_columns":{"type":"string"},"FileSystem_controlfile":{"type":"string"},"mapping":{"type":"object"},"FileSystem_logfile":{"type":"string"},"FileSystem_Reject":{"type":"string"},"Condition":{"type":"string"},"Condition_SF":{"type":"string"}},"folder":{"name":"SFDC_INCREMENTAL_LOAD"},"annotations":[],"lastPublishTime":"2024-01-29T10:53:19Z"},"dependsOn":["[concat(variables('factoryId'), '/pipelines/SFDC_Datalake_Salesforce')]","[concat(variables('factoryId'), '/datasets/Blob_Text_Dataset')]","[concat(variables('factoryId'), '/pipelines/On_Job_Failure')]","[concat(variables('factoryId'), '/datasets/DL_DelimitedText_Dataset')]","[concat(variables('factoryId'), '/pipelines/Datalake_Datalake_Pipeline')]","[concat(variables('factoryId'), '/pipelines/SFDC_Datalake_Snowflake')]"]},{"name":"[concat(parameters('factoryName'), '/Blob_EmailList_Dataset')]","type":"Microsoft.DataFactory/factories/datasets","apiVersion":"2018-06-01","properties":{"linkedServiceName":{"referenceName":"[parameters('Blob_Config')]","type":"LinkedServiceReference"},"annotations":[],"type":"DelimitedText","typeProperties":{"location":{"type":"AzureBlobStorageLocation","fileName":"EmailList.txt","container":"email-list"},"columnDelimiter":"|","rowDelimiter":"|","escapeChar":"\\","quoteChar":"\""},"schema":[{"type":"String"}]},"dependsOn":[]},{"name":"[concat(parameters('factoryName'), '/SFDC_Datalake_Salesforce')]","type":"Microsoft.DataFactory/factories/pipelines","apiVersion":"2018-06-01","properties":{"activities":[{"name":"SFDC_Datalake_copy_activity","type":"Copy","dependsOn":[],"policy":{"timeout":"7.00:00:00","retry":0,"retryIntervalInSeconds":30,"secureOutput":false,"secureInput":false},"userProperties":[],"typeProperties":{"source":{"type":"SalesforceSource","query":{"value":"SELECT @{pipeline().parameters.Columns} FROM @{pipeline().parameters.Object_api_name}\nWHERE @{pipeline().parameters.Condition}\n","type":"Expression"},"readBehavior":"query"},"sink":{"type":"DelimitedTextSink","storeSettings":{"type":"AzureBlobFSWriteSettings"},"formatSettings":{"type":"DelimitedTextWriteSettings","quoteAllText":true,"fileExtension":".txt"}},"enableStaging":false,"translator":{"type":"TabularTranslator","typeConversion":true,"typeConversionSettings":{"allowDataTruncation":true,"treatBooleanAsNumber":false}}},"inputs":[{"referenceName":"Salesforce_Dataset","type":"DatasetReference","parameters":{"Object_api_name":"@pipeline().parameters.FileSystem_sink"}}],"outputs":[{"referenceName":"DL_DelimitedText_Dataset","type":"DatasetReference","parameters":{"FileSystem":{"value":"@pipeline().parameters.FileSystem_sink","type":"Expression"},"FilePath":{"value":"@pipeline().parameters.FilePath","type":"Expression"},"FileName":{"value":"@concat(pipeline().parameters.Object_api_name,'.csv')","type":"Expression"}}}]},{"name":"IfCondition_Writelog","type":"IfCondition","dependsOn":[{"activity":"SFDC_Datalake_copy_activity","dependencyConditions":["Succeeded"]}],"userProperties":[],"typeProperties":{"expression":{"value":"@equals(pipeline().parameters.Writelog,'X')","type":"Expression"},"ifTrueActivities":[{"name":"Execute_Validation_Log_Pipeline","type":"ExecutePipeline","dependsOn":[],"policy":{"secureInput":false},"userProperties":[],"typeProperties":{"pipeline":{"referenceName":"SFDC_Validation_Log","type":"PipelineReference"},"waitOnCompletion":true,"parameters":{"CONSISTENCY_VERIFICATION":{"value":"@activity('SFDC_Datalake_copy_activity').output.dataConsistencyVerification.VerificationResult","type":"Expression"},"EFFECTIVE_INTEGRATION_RUNTIME":{"value":"@activity('SFDC_Datalake_copy_activity').output.effectiveIntegrationRuntime","type":"Expression"},"JOBSTART_TIMESTAMP":{"value":"@activity('SFDC_Datalake_copy_activity').output.executionDetails[0].start","type":"Expression"},"SOURCE_TYPE":{"value":"@activity('SFDC_Datalake_copy_activity').output.executionDetails[0].source.type","type":"Expression"},"SINK_TYPE":{"value":"@activity('SFDC_Datalake_copy_activity').output.executionDetails[0].sink.type","type":"Expression"},"TABLE_NAME":{"value":"@toUpper(pipeline().parameters.Object_api_name)","type":"Expression"},"FILE_NAME":{"value":"@concat(toUpper(pipeline().parameters.Object_api_name),'_Row_Validation.csv')","type":"Expression"},"ROWS_READ":{"value":"@activity('SFDC_Datalake_copy_activity').output.rowsRead","type":"Expression"},"ROWS_WRITTEN":{"value":"@activity('SFDC_Datalake_copy_activity').output.rowsCopied","type":"Expression"},"JOB_PROCESS":"Row_Validation","JOB_STATUS":{"value":"@if(equals(activity('SFDC_Datalake_copy_activity').output.rowsRead,activity('SFDC_Datalake_copy_activity').output.rowsCopied),1,0)","type":"Expression"},"FilePath":{"value":"@pipeline().parameters.FilePath","type":"Expression"},"DATAFACTORY_NAME":{"value":"@pipeline().DataFactory","type":"Expression"},"ADF_PIPELINE_NAME":{"value":"@pipeline().Pipeline","type":"Expression"},"ADF_RUNID":{"value":"@pipeline().RunId","type":"Expression"},"TRIGGERTYPE":{"value":"@pipeline().TriggerType","type":"Expression"},"TRIGGERID":{"value":"@pipeline().TriggerId","type":"Expression"},"TRIGGERNAME":{"value":"@pipeline().TriggerName","type":"Expression"},"FileSystem_Logfile":{"value":"@pipeline().parameters.FileSystem_logfile","type":"Expression"}}}}]}}],"policy":{"elapsedTimeMetric":{}},"parameters":{"FileSystem_sink":{"type":"string"},"FilePath":{"type":"string"},"Object_api_name":{"type":"string"},"Columns":{"type":"string"},"Writelog":{"type":"string"},"FileSystem_logfile":{"type":"string"},"Condition":{"type":"string"}},"folder":{"name":"SFDC_INCREMENTAL_LOAD"},"annotations":[],"lastPublishTime":"2024-01-18T13:23:00Z"},"dependsOn":["[concat(variables('factoryId'), '/datasets/Salesforce_Dataset')]","[concat(variables('factoryId'), '/datasets/DL_DelimitedText_Dataset')]","[concat(variables('factoryId'), '/pipelines/SFDC_Validation_Log')]"]},{"name":"[concat(parameters('factoryName'), '/DL_DelimitedText_Dataset')]","type":"Microsoft.DataFactory/factories/datasets","apiVersion":"2018-06-01","properties":{"linkedServiceName":{"referenceName":"[parameters('DL_TI')]","type":"LinkedServiceReference"},"parameters":{"FileSystem":{"type":"string"},"FilePath":{"type":"string"},"FileName":{"type":"string"}},"annotations":[],"type":"DelimitedText","typeProperties":{"location":{"type":"AzureBlobFSLocation","fileName":{"value":"@dataset().FileName","type":"Expression"},"folderPath":{"value":"@dataset().FilePath","type":"Expression"},"fileSystem":{"value":"@dataset().FileSystem","type":"Expression"}},"columnDelimiter":",","escapeChar":"\\","firstRowAsHeader":true,"quoteChar":"\""},"schema":[]},"dependsOn":[]},{"name":"[concat(parameters('factoryName'), '/Datalake_Datalake_Pipeline')]","type":"Microsoft.DataFactory/factories/pipelines","apiVersion":"2018-06-01","properties":{"activities":[{"name":"Datalake_Datalake_copy_activity","type":"Copy","dependsOn":[],"policy":{"timeout":"7.00:00:00","retry":0,"retryIntervalInSeconds":30,"secureOutput":false,"secureInput":false},"userProperties":[],"typeProperties":{"source":{"type":"DelimitedTextSource","storeSettings":{"type":"AzureBlobFSReadSettings","recursive":true,"enablePartitionDiscovery":false},"formatSettings":{"type":"DelimitedTextReadSettings"}},"sink":{"type":"DelimitedTextSink","storeSettings":{"type":"AzureBlobFSWriteSettings"},"formatSettings":{"type":"DelimitedTextWriteSettings","quoteAllText":true,"fileExtension":".txt"}},"enableStaging":false,"validateDataConsistency":true,"logSettings":{"enableCopyActivityLog":true,"copyActivityLogSettings":{"logLevel":"Warning","enableReliableLogging":false},"logLocationSettings":{"linkedServiceName":{"referenceName":"[parameters('Blob_Config')]","type":"LinkedServiceReference"},"path":"copyactivity-logs"}},"translator":{"type":"TabularTranslator","typeConversion":true,"typeConversionSettings":{"allowDataTruncation":true,"treatBooleanAsNumber":false}}},"inputs":[{"referenceName":"DL_DelimitedText_Dataset","type":"DatasetReference","parameters":{"FileSystem":{"value":"@pipeline().parameters.FileSystem_source","type":"Expression"},"FilePath":{"value":"@pipeline().parameters.FilePath_source","type":"Expression"},"FileName":{"value":"@pipeline().parameters.Filename_source","type":"Expression"}}}],"outputs":[{"referenceName":"DL_DelimitedText_Dataset","type":"DatasetReference","parameters":{"FileSystem":{"value":"@pipeline().parameters.FileSystem_sink","type":"Expression"},"FilePath":{"value":"@pipeline().parameters.FilePath_sink","type":"Expression"},"FileName":{"value":"@pipeline().parameters.Filename_sink","type":"Expression"}}}]}],"policy":{"elapsedTimeMetric":{}},"parameters":{"FileSystem_source":{"type":"string"},"FilePath_source":{"type":"string"},"FileSystem_sink":{"type":"string"},"Filename_source":{"type":"string"},"Filename_sink":{"type":"string"},"FilePath_sink":{"type":"string"}},"folder":{"name":"SFDC_INCREMENTAL_LOAD"},"annotations":[],"lastPublishTime":"2024-01-22T11:49:30Z"},"dependsOn":["[concat(variables('factoryId'), '/datasets/DL_DelimitedText_Dataset')]"]},{"name":"[concat(parameters('factoryName'), '/SFDC_Datalake_Snowflake')]","type":"Microsoft.DataFactory/factories/pipelines","apiVersion":"2018-06-01","properties":{"activities":[{"name":"Datalake_Snowflake_Copy_activity","type":"Copy","dependsOn":[],"policy":{"timeout":"7.00:00:00","retry":0,"retryIntervalInSeconds":30,"secureOutput":false,"secureInput":false},"userProperties":[],"typeProperties":{"source":{"type":"DelimitedTextSource","storeSettings":{"type":"AzureBlobFSReadSettings","recursive":true,"enablePartitionDiscovery":false},"formatSettings":{"type":"DelimitedTextReadSettings"}},"sink":{"type":"SnowflakeSink","preCopyScript":{"value":"@{pipeline().parameters.Condition_SF}","type":"Expression"},"importSettings":{"type":"SnowflakeImportCopyCommand","additionalCopyOptions":{"ON_ERROR":"CONTINUE"}}},"enableStaging":true,"stagingSettings":{"linkedServiceName":{"referenceName":"[parameters('Blob_Stage')]","type":"LinkedServiceReference"},"path":"stage"},"enableSkipIncompatibleRow":true,"logSettings":{"enableCopyActivityLog":true,"copyActivityLogSettings":{"logLevel":"Warning","enableReliableLogging":false},"logLocationSettings":{"linkedServiceName":{"referenceName":"[parameters('Blob_Config')]","type":"LinkedServiceReference"},"path":"copyactivity-logs"}}},"inputs":[{"referenceName":"DL_DelimitedText_Dataset","type":"DatasetReference","parameters":{"FileSystem":{"value":"@pipeline().parameters.FileSystem_source","type":"Expression"},"FilePath":{"value":"@pipeline().parameters.FilePath","type":"Expression"},"FileName":{"value":"@pipeline().parameters.File_name","type":"Expression"}}}],"outputs":[{"referenceName":"Snowflake_Database_Dataset","type":"DatasetReference","parameters":{"TableName":{"value":"@pipeline().parameters.TableName","type":"Expression"},"SchemaName":{"value":"@pipeline().parameters.SchemaName","type":"Expression"}}}]},{"name":"IfCondition_Writelog","type":"IfCondition","dependsOn":[{"activity":"Datalake_Snowflake_Copy_activity","dependencyConditions":["Succeeded"]}],"userProperties":[],"typeProperties":{"expression":{"value":"@equals(pipeline().parameters.Writelog,'X')","type":"Expression"},"ifTrueActivities":[{"name":"Execute_Validation_Log_Pipeline","type":"ExecutePipeline","dependsOn":[],"policy":{"secureInput":false},"userProperties":[],"typeProperties":{"pipeline":{"referenceName":"SFDC_Validation_Log","type":"PipelineReference"},"waitOnCompletion":true,"parameters":{"CONSISTENCY_VERIFICATION":{"value":"@activity('Datalake_Snowflake_Copy_activity').output.dataConsistencyVerification.VerificationResult","type":"Expression"},"EFFECTIVE_INTEGRATION_RUNTIME":{"value":"@activity('Datalake_Snowflake_Copy_activity').output.effectiveIntegrationRuntime","type":"Expression"},"JOBSTART_TIMESTAMP":{"value":"@activity('Datalake_Snowflake_Copy_activity').output.executionDetails[0].start","type":"Expression"},"SOURCE_TYPE":{"value":"@activity('Datalake_Snowflake_Copy_activity').output.executionDetails[0].source.type","type":"Expression"},"SINK_TYPE":{"value":"@activity('Datalake_Snowflake_Copy_activity').output.executionDetails[0].sink.type","type":"Expression"},"DB_SCHEMA":{"value":"@pipeline().parameters.SchemaName","type":"Expression"},"TABLE_NAME":{"value":"@pipeline().parameters.TableName","type":"Expression"},"FILE_NAME":{"value":"@concat(pipeline().parameters.TableName,'_Row_Validation.csv')","type":"Expression"},"ROWS_READ":{"value":"@activity('Datalake_Snowflake_Copy_activity').output.rowsRead","type":"Expression"},"ROWS_WRITTEN":{"value":"@activity('Datalake_Snowflake_Copy_activity').output.rowsCopied","type":"Expression"},"JOB_PROCESS":"Row_Validation","JOB_STATUS":{"value":"@if(equals(activity('Datalake_Snowflake_Copy_activity').output.rowsRead,activity('Datalake_Snowflake_Copy_activity').output.rowsCopied),1,0)","type":"Expression"},"FilePath":{"value":"@pipeline().parameters.FilePath","type":"Expression"},"DATAFACTORY_NAME":{"value":"@pipeline().DataFactory","type":"Expression"},"ADF_PIPELINE_NAME":{"value":"@pipeline().Pipeline","type":"Expression"},"ADF_RUNID":{"value":"@pipeline().RunId","type":"Expression"},"TRIGGERTYPE":{"value":"@pipeline().TriggerType","type":"Expression"},"TRIGGERID":{"value":"@pipeline().TriggerId","type":"Expression"},"TRIGGERNAME":{"value":"@pipeline().TriggerName","type":"Expression"},"FileSystem_Logfile":{"value":"@pipeline().parameters.FileSystem_logfile","type":"Expression"}}}}]}}],"policy":{"elapsedTimeMetric":{}},"parameters":{"FileSystem_source":{"type":"string"},"FilePath":{"type":"string"},"File_name":{"type":"string"},"TableName":{"type":"string"},"SchemaName":{"type":"string"},"Mapping":{"type":"object"},"Writelog":{"type":"string"},"FileSystem_logfile":{"type":"string"},"Condition_SF":{"type":"string"}},"folder":{"name":"SFDC_INCREMENTAL_LOAD"},"annotations":[],"lastPublishTime":"2024-01-29T10:42:03Z"},"dependsOn":["[concat(variables('factoryId'), '/datasets/DL_DelimitedText_Dataset')]","[concat(variables('factoryId'), '/datasets/Snowflake_Database_Dataset')]","[concat(variables('factoryId'), '/pipelines/SFDC_Validation_Log')]"]},{"name":"[concat(parameters('factoryName'), '/Salesforce_Dataset')]","type":"Microsoft.DataFactory/factories/datasets","apiVersion":"2018-06-01","properties":{"linkedServiceName":{"referenceName":"[parameters('Salesforce')]","type":"LinkedServiceReference"},"parameters":{"Object_api_name":{"type":"string"}},"annotations":[],"type":"SalesforceObject","schema":[],"typeProperties":{"objectApiName":{"value":"@dataset().Object_api_name","type":"Expression"}}},"dependsOn":[]},{"name":"[concat(parameters('factoryName'), '/Snowflake_Database_Dataset')]","type":"Microsoft.DataFactory/factories/datasets","apiVersion":"2018-06-01","properties":{"linkedServiceName":{"referenceName":"[parameters('SF_RAW')]","type":"LinkedServiceReference"},"parameters":{"TableName":{"type":"string"},"SchemaName":{"type":"string"}},"annotations":[],"type":"SnowflakeTable","schema":[],"typeProperties":{"schema":{"value":"@dataset().SchemaName","type":"Expression"},"table":{"value":"@dataset().TableName","type":"Expression"}}},"dependsOn":[]},{"name":"[concat(parameters('factoryName'), '/SFDC_Validation_Log')]","type":"Microsoft.DataFactory/factories/pipelines","apiVersion":"2018-06-01","properties":{"activities":[{"name":"Create_LogFile","type":"Copy","dependsOn":[],"policy":{"timeout":"7.00:00:00","retry":0,"retryIntervalInSeconds":30,"secureOutput":false,"secureInput":false},"userProperties":[],"typeProperties":{"source":{"type":"SqlServerSource","sqlReaderQuery":{"value":"SELECT \n'@{pipeline().parameters.DATAFACTORY_NAME}' as DATAFACTORY_NAME,\n'@{pipeline().parameters.ADF_PIPELINE_NAME}' as ADF_PIPELINE_NAME,\n'@{pipeline().parameters.ADF_RUNID}' as   ADF_RUNID,\n'@{pipeline().parameters.TRIGGERTYPE}' as TRIGGERTYPE,\n'@{pipeline().parameters.TRIGGERID}'  as TRIGGERID,\n'@{pipeline().parameters.TRIGGERNAME}'  as TRIGGERNAME,\n'@{pipeline().parameters.CONSISTENCY_VERIFICATION}'   as CONSISTENCY_VERIFICATION,\n'@{pipeline().parameters.EFFECTIVE_INTEGRATION_RUNTIME}'   as EFFECTIVE_INTEGRATION_RUNTIME,\n'@{pipeline().parameters.JOBSTART_TIMESTAMP}'  as JOBSTART_TIMESTAMP,\n'@{utcnow()}'  as  JOBEND_TIMESTAMP,\n'@{pipeline().parameters.SOURCE_TYPE}'   as SOURCE_TYPE,\n'@{pipeline().parameters.SINK_TYPE}'   as SINK_TYPE,\n'@{pipeline().parameters.DB_SCHEMA}'   as DB_SCHEMA,\n'@{pipeline().parameters.TABLE_NAME}'   as TABLE_NAME,\n'@{pipeline().parameters.FILE_NAME}' as FILE_NAME,\n'@{pipeline().parameters.ROWS_READ}'  as ROWS_READ,\n'@{pipeline().parameters.ROWS_WRITTEN}'   as ROWS_WRITTEN,\n'@{pipeline().parameters.JOB_PROCESS}'  as JOB_PROCESS,\nCASE  \nWHEN  '@{pipeline().parameters.JOB_STATUS}' = 0   THEN  'FAILED' \nWHEN  '@{pipeline().parameters.JOB_STATUS}' = 1   THEN 'SUCCESS'\nEND as JOB_STATUS,\n'@{utcnow()}'  as JOB_TIMESTAMP","type":"Expression"},"queryTimeout":"02:00:00","partitionOption":"None"},"sink":{"type":"DelimitedTextSink","storeSettings":{"type":"AzureBlobStorageWriteSettings"},"formatSettings":{"type":"DelimitedTextWriteSettings","quoteAllText":true,"fileExtension":".txt"}},"enableStaging":false,"translator":{"type":"TabularTranslator","typeConversion":true,"typeConversionSettings":{"allowDataTruncation":true,"treatBooleanAsNumber":false}}},"inputs":[{"referenceName":"SQL_CHIP_Database_Dataset","type":"DatasetReference","parameters":{"TableName":{"value":"@pipeline().parameters.TABLE_NAME","type":"Expression"},"SchemaName":{"value":"@pipeline().parameters.DB_SCHEMA","type":"Expression"}}}],"outputs":[{"referenceName":"Blob_Text_Dataset","type":"DatasetReference","parameters":{"FileSystem":{"value":"@pipeline().parameters.FileSystem_Logfile","type":"Expression"},"FilePath":{"value":"@pipeline().parameters.FilePath","type":"Expression"},"FileName":{"value":"@concat(pipeline().parameters.TABLE_NAME,'_',pipeline().parameters.JOB_PROCESS,'.csv')","type":"Expression"}}}]},{"name":"Copy_LogFile","type":"Copy","dependsOn":[{"activity":"Create_LogFile","dependencyConditions":["Succeeded"]}],"policy":{"timeout":"7.00:00:00","retry":0,"retryIntervalInSeconds":30,"secureOutput":false,"secureInput":false},"userProperties":[],"typeProperties":{"source":{"type":"DelimitedTextSource","storeSettings":{"type":"AzureBlobStorageReadSettings","recursive":true,"enablePartitionDiscovery":false},"formatSettings":{"type":"DelimitedTextReadSettings"}},"sink":{"type":"SnowflakeSink","importSettings":{"type":"SnowflakeImportCopyCommand"}},"enableStaging":true,"stagingSettings":{"linkedServiceName":{"referenceName":"[parameters('Blob_Stage')]","type":"LinkedServiceReference"},"path":"stage"},"enableSkipIncompatibleRow":false,"logSettings":{"enableCopyActivityLog":true,"copyActivityLogSettings":{"logLevel":"Warning","enableReliableLogging":false},"logLocationSettings":{"linkedServiceName":{"referenceName":"[parameters('Blob_Config')]","type":"LinkedServiceReference"},"path":"copyactivity-logs"}},"translator":{"type":"TabularTranslator","mappings":[{"source":{"name":"DATAFACTORY_NAME","type":"String"},"sink":{"name":"DATAFACTORY_NAME","type":"String"}},{"source":{"name":"ADF_PIPELINE_NAME","type":"String"},"sink":{"name":"ADF_PIPELINE_NAME","type":"String"}},{"source":{"name":"ADF_RUNID","type":"String"},"sink":{"name":"ADF_RUNID","type":"String"}},{"source":{"name":"TRIGGERTYPE","type":"String"},"sink":{"name":"TRIGGERTYPE","type":"String"}},{"source":{"name":"TRIGGERID","type":"String"},"sink":{"name":"TRIGGERID","type":"String"}},{"source":{"name":"TRIGGERNAME","type":"String"},"sink":{"name":"TRIGGERNAME","type":"String"}},{"source":{"name":"CONSISTENCY_VERIFICATION","type":"String"},"sink":{"name":"CONSISTENCY_VERIFICATION","type":"String"}},{"source":{"name":"EFFECTIVE_INTEGRATION_RUNTIME","type":"String"},"sink":{"name":"EFFECTIVE_INTEGRATION_RUNTIME","type":"String"}},{"source":{"name":"JOBSTART_TIMESTAMP","type":"String"},"sink":{"name":"JOBSTART_TIMESTAMP","type":"DateTime"}},{"source":{"name":"JOBEND_TIMESTAMP","type":"String"},"sink":{"name":"JOBEND_TIMESTAMP","type":"DateTime"}},{"source":{"name":"SOURCE_TYPE","type":"String"},"sink":{"name":"SOURCE_TYPE","type":"String"}},{"source":{"name":"SINK_TYPE","type":"String"},"sink":{"name":"SINK_TYPE","type":"String"}},{"source":{"name":"DB_SCHEMA","type":"String"},"sink":{"name":"DB_SCHEMA","type":"String"}},{"source":{"name":"TABLE_NAME","type":"String"},"sink":{"name":"TABLE_NAME","type":"String"}},{"source":{"name":"FILE_NAME","type":"String"},"sink":{"name":"FILE_NAME","type":"String"}},{"source":{"name":"ROWS_READ","type":"String"},"sink":{"name":"ROWS_READ","type":"Int64"}},{"source":{"name":"ROWS_WRITTEN","type":"String"},"sink":{"name":"ROWS_WRITTEN","type":"Int64"}},{"source":{"name":"JOB_PROCESS","type":"String"},"sink":{"name":"JOB_PROCESS","type":"String"}},{"source":{"name":"JOB_STATUS","type":"String"},"sink":{"name":"JOB_STATUS","type":"String"}},{"source":{"name":"JOB_TIMESTAMP","type":"String"},"sink":{"name":"JOB_TIMESTAMP","type":"DateTime"}}]}},"inputs":[{"referenceName":"Blob_Text_Dataset","type":"DatasetReference","parameters":{"FileSystem":{"value":"@pipeline().parameters.FileSystem_Logfile","type":"Expression"},"FilePath":{"value":"@pipeline().parameters.FilePath","type":"Expression"},"FileName":{"value":"@concat(pipeline().parameters.TABLE_NAME,'_',pipeline().parameters.JOB_PROCESS,'.csv')","type":"Expression"}}}],"outputs":[{"referenceName":"Snowflake_Audit_Dataset","type":"DatasetReference","parameters":{"Table_Schema":{"value":"@pipeline().parameters.SF_Audit_Schema","type":"Expression"},"Table_Name":{"value":"@pipeline().parameters.SF_Audit_Table","type":"Expression"}}}]}],"policy":{"elapsedTimeMetric":{}},"parameters":{"CONSISTENCY_VERIFICATION":{"type":"string"},"EFFECTIVE_INTEGRATION_RUNTIME":{"type":"string"},"JOBSTART_TIMESTAMP":{"type":"string"},"SOURCE_TYPE":{"type":"string"},"SINK_TYPE":{"type":"string"},"DB_SCHEMA":{"type":"string"},"TABLE_NAME":{"type":"string"},"FILE_NAME":{"type":"string"},"ROWS_READ":{"type":"string"},"ROWS_WRITTEN":{"type":"string"},"JOB_PROCESS":{"type":"string"},"JOB_STATUS":{"type":"int"},"FilePath":{"type":"string"},"DATAFACTORY_NAME":{"type":"string","defaultValue":"DATAFACTORY_NAME"},"ADF_PIPELINE_NAME":{"type":"string","defaultValue":"ADF_PIPELINE_NAME"},"ADF_RUNID":{"type":"string","defaultValue":"ADF_RUNID"},"TRIGGERTYPE":{"type":"string","defaultValue":"TRIGGERTYPE"},"TRIGGERID":{"type":"string","defaultValue":"TRIGGERID"},"TRIGGERNAME":{"type":"string","defaultValue":"TRIGGERNAME"},"FileSystem_Logfile":{"type":"string"},"SF_Audit_Schema":{"type":"string","defaultValue":"TI_ETL"},"SF_Audit_Table":{"type":"string","defaultValue":"ADF_AUDIT"}},"folder":{"name":"SFDC_INCREMENTAL_LOAD"},"annotations":[],"lastPublishTime":"2024-01-11T12:27:39Z"},"dependsOn":["[concat(variables('factoryId'), '/datasets/SQL_CHIP_Database_Dataset')]","[concat(variables('factoryId'), '/datasets/Blob_Text_Dataset')]","[concat(variables('factoryId'), '/datasets/Snowflake_Audit_Dataset')]"]},{"name":"[concat(parameters('factoryName'), '/SQL_CHIP_Database_Dataset')]","type":"Microsoft.DataFactory/factories/datasets","apiVersion":"2018-06-01","properties":{"linkedServiceName":{"referenceName":"[parameters('SQL_CHIP')]","type":"LinkedServiceReference"},"parameters":{"TableName":{"type":"string"},"SchemaName":{"type":"string"}},"annotations":[],"type":"SqlServerTable","schema":[],"typeProperties":{"schema":{"value":"@dataset().SchemaName","type":"Expression"},"table":{"value":"@dataset().TableName","type":"Expression"}}},"dependsOn":[]},{"name":"[concat(parameters('factoryName'), '/Snowflake_Audit_Dataset')]","type":"Microsoft.DataFactory/factories/datasets","apiVersion":"2018-06-01","properties":{"linkedServiceName":{"referenceName":"[parameters('SF_AUDIT')]","type":"LinkedServiceReference"},"parameters":{"Table_Schema":{"type":"string"},"Table_Name":{"type":"string"}},"annotations":[],"type":"SnowflakeTable","schema":[],"typeProperties":{"schema":{"value":"@dataset().Table_Schema","type":"Expression"},"table":{"value":"@dataset().Table_Name","type":"Expression"}}},"dependsOn":[]}]}